<?xml version="1.0" encoding="UTF-8"?>
<project-private xmlns="http://www.netbeans.org/ns/project-private/1">
    <editor-bookmarks xmlns="http://www.netbeans.org/ns/editor-bookmarks/2" lastBookmarkId="0"/>
    <open-files xmlns="http://www.netbeans.org/ns/projectui-open-files/2">
        <group>
            <file>file:/C:/Users/makiy/OneDrive/Documents/NetBeansProjects/CS425Lab6/src/java/edu/jsu/mcis/cs425/p1/SearchServlet.java</file>
            <file>file:/C:/Users/makiy/OneDrive/Documents/NetBeansProjects/CS425Lab6/web/main/RegistrationPage.jsp</file>
            <file>file:/C:/Users/makiy/OneDrive/Documents/NetBeansProjects/CS425Lab6/web/SearchPage.jsp</file>
            <file>file:/C:/Users/makiy/OneDrive/Documents/NetBeansProjects/CS425Lab6/src/java/edu/jsu/mcis/cs425/p1/dao/SearchDAO.java</file>
            <file>file:/C:/Users/makiy/OneDrive/Documents/NetBeansProjects/CS425Lab6/web/SearchResultsPage.jsp</file>
        </group>
    </open-files>
</project-private>
