<?xml version="1.0" encoding="UTF-8"?>
<project-private xmlns="http://www.netbeans.org/ns/project-private/1">
    <editor-bookmarks xmlns="http://www.netbeans.org/ns/editor-bookmarks/2" lastBookmarkId="0"/>
    <open-files xmlns="http://www.netbeans.org/ns/projectui-open-files/2">
        <group>
            <file>file:/C:/Users/catuc/Documents/NetBeansProjects/SeaBattleII/src/edu/jsu/mcis/seabattleii/DefaultModel.java</file>
            <file>file:/C:/Users/catuc/Documents/NetBeansProjects/SeaBattleII/src/edu/jsu/mcis/seabattleii/Fleet.java</file>
            <file>file:/C:/Users/catuc/Documents/NetBeansProjects/SeaBattleII/src/edu/jsu/mcis/seabattleii/ShipSquare.java</file>
            <file>file:/C:/Users/catuc/Documents/NetBeansProjects/SeaBattleII/src/edu/jsu/mcis/seabattleii/DefaultController.java</file>
            <file>file:/C:/Users/catuc/Documents/NetBeansProjects/SeaBattleII/src/edu/jsu/mcis/seabattleii/Square.java</file>
            <file>file:/C:/Users/catuc/Documents/NetBeansProjects/SeaBattleII/src/edu/jsu/mcis/seabattleii/Player.java</file>
            <file>file:/C:/Users/catuc/Documents/NetBeansProjects/SeaBattleII/src/edu/jsu/mcis/seabattleii/Ship.java</file>
            <file>file:/C:/Users/catuc/Documents/NetBeansProjects/SeaBattleII/src/edu/jsu/mcis/seabattleii/SeaBattleII.java</file>
            <file>file:/C:/Users/catuc/Documents/NetBeansProjects/SeaBattleII/src/edu/jsu/mcis/seabattleii/ViewMainWindow.java</file>
            <file>file:/C:/Users/catuc/Documents/NetBeansProjects/SeaBattleII/src/edu/jsu/mcis/seabattleii/ViewGridLabel.java</file>
            <file>file:/C:/Users/catuc/Documents/NetBeansProjects/SeaBattleII/src/edu/jsu/mcis/seabattleii/AbstractModel.java</file>
            <file>file:/C:/Users/catuc/Documents/NetBeansProjects/SeaBattleII/src/edu/jsu/mcis/seabattleii/Grid.java</file>
            <file>file:/C:/Users/catuc/Documents/NetBeansProjects/SeaBattleII/src/edu/jsu/mcis/seabattleii/AbstractView.java</file>
            <file>file:/C:/Users/catuc/Documents/NetBeansProjects/SeaBattleII/src/edu/jsu/mcis/seabattleii/EmptySquare.java</file>
            <file>file:/C:/Users/catuc/Documents/NetBeansProjects/SeaBattleII/src/edu/jsu/mcis/seabattleii/ViewGridContainer.java</file>
        </group>
    </open-files>
</project-private>
