<?xml version="1.0" encoding="UTF-8"?>
<project-private xmlns="http://www.netbeans.org/ns/project-private/1">
    <editor-bookmarks xmlns="http://www.netbeans.org/ns/editor-bookmarks/2" lastBookmarkId="0"/>
    <open-files xmlns="http://www.netbeans.org/ns/projectui-open-files/2">
        <group>
            <file>file:/C:/Users/makiy/OneDrive/Documents/NetBeansProjects/CS350_Lab3/src/edu/jsu/mcis/cs350/Lab3Model.java</file>
            <file>file:/C:/Users/makiy/OneDrive/Documents/NetBeansProjects/CS350_Lab3/src/edu/jsu/mcis/cs350/Lab3Controller.java</file>
            <file>file:/C:/Users/makiy/OneDrive/Documents/NetBeansProjects/CS350_Lab3/src/edu/jsu/mcis/cs350/BoundedBuffer.java</file>
        </group>
    </open-files>
</project-private>
